student_id,name,age,gender,email,phone,enrollment_year,course_batch,city,graduation_year
1,Allison Hill,19,Male,donaldgarcia@example.net,+1-219-560-0133,2021,Batch A,Robinsonshire,2023
2,Sean Blake,20,Other,helenpeterson@example.org,651.216.1559,2019,Batch C,Herrerafurt,2025
3,Edward Fuller,19,Other,barbara10@example.net,441.731.6475,2022,Batch A,Jasonview,2023
4,Melinda Jones,19,Male,amandasanchez@example.com,(748)535-0305x6413,2020,Batch C,Fostermouth,2025
5,Charles Mcgee,18,Other,julie69@example.com,(332)887-1012x269,2020,Batch C,Carlsonmouth,2025
6,Tricia Valencia,24,Male,frazierdanny@example.net,001-645-514-6270x48281,2022,Batch C,West Kathryn,2024
7,Paula Moreno,18,Male,georgetracy@example.org,(443)903-9117x182,2022,Batch B,West Allison,2024
8,Tracey Hickman,20,Male,jenniferross@example.net,+1-557-587-1331x5098,2021,Batch A,North Jeanton,2023
9,Taylor Heath,24,Male,palmerjoshua@example.com,582.399.7376,2021,Batch B,Lake Ryanchester,2025
10,Scott Brown,22,Male,brownjessica@example.org,933.587.2624,2022,Batch C,South Lindseyside,2023
11,Matthew Fernandez,24,Male,novaksara@example.org,(267)873-6026,2021,Batch C,Saramouth,2025
12,Michael Cross,23,Other,smoore@example.org,4982050097,2020,Batch C,Port Jacobland,2023
13,Cynthia Wilson,18,Other,bethwilliams@example.org,(799)385-4353x46247,2020,Batch B,South Christineshire,2023
14,Angel Lewis MD,21,Male,nicole35@example.com,(378)449-8084,2022,Batch B,Darrellville,2024
15,Brittney Campbell,23,Male,jenniferharris@example.net,687-440-1640x052,2021,Batch B,Arnoldchester,2023
16,Ashley Landry,22,Other,amydavenport@example.net,+1-526-520-4505,2019,Batch C,West Kimberlychester,2025
17,Nicole Frost,20,Other,michellecherry@example.org,(902)756-3421x60733,2020,Batch A,Loribury,2024
18,Matthew Ross,24,Female,michelle45@example.net,768.750.1429x40196,2020,Batch C,Obrienhaven,2024
19,Steven Lee,18,Male,fletcheraaron@example.net,+1-835-661-5951x48465,2019,Batch B,East Robert,2024
20,Megan Orr,22,Male,richard04@example.com,969.495.7773,2020,Batch C,West Zacharymouth,2025
21,Trevor Young,23,Male,jeffrey32@example.org,8379917693,2022,Batch B,Sancheztown,2025
22,Shannon Mcclure,25,Male,zrobinson@example.net,870.983.1727x88957,2021,Batch A,Lake Michelle,2023
23,Paul Larsen,22,Other,katie87@example.net,347.414.3455,2022,Batch C,East Patrick,2024
24,Daniel Perry,23,Male,amy60@example.org,(569)909-6705x46688,2020,Batch C,West Ryan,2024
25,George Shelton,19,Male,dramsey@example.org,+1-280-669-9016x272,2019,Batch A,Murphymouth,2025
26,Philip Gray,20,Other,fking@example.com,5802531003,2022,Batch C,East David,2023
27,Kristy Robinson,24,Female,katie29@example.net,001-512-341-9049x6631,2022,Batch C,Melissaville,2024
28,Kylie Williams,18,Other,estanley@example.net,+1-650-967-1657x2628,2019,Batch C,Grahamshire,2025
29,Samuel Rivas,22,Other,ramirezshannon@example.com,001-596-750-7527,2021,Batch A,Matthewview,2024
30,Kellie Lee,24,Male,jenniferfreeman@example.org,001-777-970-1436x349,2022,Batch A,Ronaldside,2025
31,Michael Nelson,22,Other,jerry35@example.org,001-682-533-7498x9413,2020,Batch C,Harrytown,2023
32,Beth Williams,22,Other,tranheidi@example.org,+1-971-309-4777x5204,2020,Batch A,South Travisshire,2024
33,Amy Hernandez,20,Other,christopher31@example.net,001-269-399-3867x74964,2019,Batch C,Lake Jason,2024
34,Brooke Thompson,25,Male,moorericky@example.net,+1-574-803-4471x349,2019,Batch B,New Jeffreyberg,2024
35,Samantha Jones,21,Male,lauralarson@example.net,271-874-6488x7719,2020,Batch C,Cassandratown,2023
36,Vernon Huff,19,Other,keyemily@example.com,001-802-978-7429,2022,Batch A,South Michaelmouth,2025
37,Brian Martin,20,Male,ssteele@example.net,(980)871-5451x6808,2022,Batch C,East Aprilfort,2023
38,Olivia Harris,22,Other,sarakim@example.net,310.993.2480x8613,2022,Batch A,Lake Marilynfort,2025
39,Dorothy Thornton,21,Other,edavenport@example.org,682.263.9821x465,2021,Batch B,Jessicashire,2025
40,Mary Grimes,23,Female,wryan@example.com,+1-586-875-3396,2022,Batch A,West Juliefurt,2023
41,Matthew Hoover,21,Male,tylerjohnson@example.net,001-851-471-8702,2021,Batch A,South Kimberlyview,2025
42,Michael Santos,21,Other,melissa86@example.com,+1-978-409-1343x1611,2020,Batch A,Rebeccaton,2023
43,Anthony Howard,18,Male,hthomas@example.com,001-922-421-9693,2019,Batch A,South Dana,2024
44,Michael Nolan,19,Other,rsantana@example.net,(617)559-4647,2020,Batch B,Castanedaville,2025
45,Kenneth Andrews,25,Male,andrew64@example.org,001-509-674-3953,2020,Batch C,Lake Colton,2025
46,Amanda Kramer,25,Male,rileyjessica@example.org,956-623-2858x8424,2022,Batch B,Lindamouth,2023
47,Brenda Levy,19,Male,zcoffey@example.net,(716)304-8175x496,2022,Batch B,South Angel,2024
48,Kristina Herman,24,Female,deborahreid@example.com,001-446-812-0047x113,2019,Batch C,Watsonside,2025
49,Patrick Moore,19,Male,fpena@example.net,(840)653-7735x15850,2022,Batch C,North Stacy,2024
50,Anna Lewis,19,Male,williamsmatthew@example.org,001-431-283-9335,2020,Batch A,Micheleberg,2025
51,Ms. Rebecca Rodriguez,25,Male,andersonmichael@example.org,001-350-324-0268,2022,Batch A,Weststad,2024
52,Ashley Gordon,25,Male,acostaregina@example.net,447.300.7661x77115,2019,Batch B,West Claudia,2025
53,Michelle James,19,Male,shawn96@example.org,001-318-736-7365x766,2019,Batch A,Edwardsview,2023
54,Christian Leblanc,20,Female,davischristopher@example.com,352-880-9885,2022,Batch B,Morganchester,2023
55,Michelle Schmitt,24,Male,michael98@example.org,(573)815-8514,2020,Batch B,New Sarahview,2023
56,Donald Farmer,24,Female,michael22@example.net,+1-661-720-1836x67525,2022,Batch B,North Ericton,2024
57,Denise Stanley,25,Male,alawson@example.com,681.256.1497,2020,Batch B,South Tracey,2023
58,Dan Dougherty,18,Other,kathrynroberts@example.org,7763226838,2019,Batch C,Hensleyton,2024
59,Joe Miller,18,Male,barbara96@example.net,+1-364-516-0529x7516,2022,Batch C,Chapmanhaven,2025
60,Seth Reese,20,Male,masonjackson@example.net,+1-418-483-5523x1243,2019,Batch A,East Stephaniefort,2023
61,Justin Riley,19,Other,michelle52@example.com,377-644-9058,2020,Batch B,Hayeston,2023
62,Dustin Newman,21,Other,gilbertwilliam@example.com,001-480-279-3597,2019,Batch C,Garciamouth,2023
63,Mrs. Maria Williams,24,Other,hritter@example.net,+1-725-354-6659x051,2021,Batch B,Mitchellberg,2023
64,Kevin Thomas,23,Male,kyle62@example.net,001-214-786-5281x685,2021,Batch B,Henryborough,2023
65,Ralph Lee,22,Female,ericphillips@example.org,988.205.9296x22292,2021,Batch A,Diazbury,2023
66,Lisa Goodwin,25,Other,pyoung@example.com,435.697.7468x8623,2019,Batch A,Lake Timothystad,2025
67,Ashley Singleton,21,Other,mitchellkathryn@example.com,782.561.3750x606,2021,Batch A,Vangstad,2024
68,Fernando Garcia,19,Male,lacey20@example.com,827.379.0104x3289,2021,Batch B,Johnville,2023
69,Jason Bauer,25,Other,fbrown@example.net,+1-708-593-2460,2021,Batch C,Lopezland,2025
70,Heather Ashley,18,Other,myerstheodore@example.net,(754)705-1531x9520,2021,Batch C,Port Kimberly,2023
71,Michael Welch,20,Female,bryanparsons@example.com,8439030548,2019,Batch A,Benjaminborough,2025
72,Scott Williams,20,Female,joshua56@example.com,001-876-452-7758x4161,2021,Batch C,Manuelland,2023
73,Edward Griffin,23,Male,cjackson@example.com,205.496.4016x582,2021,Batch C,Johnsonland,2024
74,Matthew Cox,22,Male,jacobserika@example.com,(271)492-8565x431,2019,Batch C,Holmesside,2024
75,Reginald Padilla,22,Male,wendymitchell@example.com,712.317.2715,2019,Batch B,Patriciaburgh,2023
76,Tammy Little,22,Male,william13@example.org,470.358.9578,2022,Batch C,West Raymondfort,2025
77,Patricia Morrow,24,Other,martinezlogan@example.org,378.452.8922x680,2019,Batch A,Fredmouth,2023
78,Courtney Meza,20,Other,meghan43@example.net,+1-442-449-8182,2019,Batch B,Meganshire,2025
79,Scott Miller,20,Female,debra96@example.net,+1-407-984-4736x4710,2020,Batch A,Washingtonborough,2024
80,Charles Hensley,23,Male,jessica56@example.org,001-258-681-5371x47321,2021,Batch A,Linchester,2025
81,Sean Moore,21,Other,sarah53@example.org,787.274.7016x8733,2019,Batch B,West Troyfort,2025
82,Adam Rodriguez,24,Other,nicoleluna@example.com,(906)609-8358x416,2020,Batch A,East Theresafurt,2023
83,William Grant,20,Female,kari39@example.net,(480)700-2578x7298,2019,Batch A,Franciscoport,2025
84,Katie Hicks,23,Female,terickson@example.com,9556169409,2020,Batch B,Lake Brett,2023
85,Mr. Nathan Hampton,19,Female,rhernandez@example.org,8915307562,2019,Batch B,Shawfort,2023
86,Nancy Brown,21,Female,aprilhoffman@example.net,586.552.7858x5497,2021,Batch B,Angelabury,2023
87,Vickie Wise,21,Male,hannahburns@example.com,(284)641-9866x524,2020,Batch B,West Sandraview,2024
88,Cindy Clayton,22,Male,sarah42@example.org,+1-993-330-8330x165,2021,Batch B,North Tamara,2025
89,Brooke Delgado,24,Other,mwoods@example.com,440-619-3802x62067,2021,Batch A,North Kennethville,2023
90,Frances Gibson,22,Male,ismall@example.net,543.415.2742x054,2021,Batch A,Wilcoxhaven,2023
91,James Davis,24,Female,thomasboyle@example.org,563-274-5499x045,2021,Batch B,South Kurtfurt,2025
92,Tammy Barron,19,Female,hannah45@example.net,932.572.7956,2020,Batch B,Lake Karen,2023
93,Angela Griffin,24,Male,christian91@example.org,+1-983-398-2258,2020,Batch B,Lake Brandy,2024
94,Jordan Stokes,19,Other,aanderson@example.com,001-508-374-0640,2021,Batch C,South Melvinland,2024
95,Amy Shannon,19,Other,ajohnson@example.org,001-826-456-7661x82512,2021,Batch C,Port Adam,2024
96,Edwin Nunez,24,Female,opatel@example.org,352.343.1069x033,2022,Batch C,South Carlaton,2024
97,Andrew Gonzales,20,Male,karenparsons@example.org,643.695.9953x42836,2022,Batch C,New Stacyburgh,2024
98,Jessica Simpson,20,Other,shelly68@example.com,001-466-924-6287x334,2021,Batch B,New Robertchester,2025
99,Brandi Sanchez,18,Female,markmiller@example.com,(518)930-4699x013,2021,Batch A,Port Rebecca,2024
100,Terry Lewis,23,Female,suzannewilson@example.com,993.763.8546,2022,Batch B,Josehaven,2025
101,Julie Lang,21,Other,ugill@example.org,(856)609-3204x899,2022,Batch C,East Mark,2023
102,Roy Porter,19,Female,jonathan77@example.com,(252)328-7280,2021,Batch A,Port Adamberg,2023
103,Crystal Mann,22,Male,robinsonstephen@example.org,+1-697-670-0886x008,2020,Batch A,New Lisachester,2023
104,Susan Rodriguez,18,Male,warrenjohn@example.net,245.346.1567x93341,2022,Batch C,Grayside,2023
105,Mark Warner,25,Female,porterryan@example.com,001-218-303-3974,2020,Batch C,Rachelshire,2025
106,Cassie Jefferson,24,Female,alibrenda@example.net,(714)229-3968x5621,2022,Batch A,South Jesseland,2023
107,Randy Friedman,18,Male,unovak@example.org,+1-647-573-5866x2961,2022,Batch A,North Josephfurt,2023
108,Madison Singh,25,Male,michael10@example.com,854.312.1267x888,2020,Batch A,North Michaelland,2024
109,Rachel Shields,20,Female,carterpaul@example.org,001-483-398-2622x4447,2021,Batch B,South Joshua,2025
110,Richard Ward,24,Other,jennifersimpson@example.net,871.724.0659,2022,Batch A,Cookberg,2025
111,Larry Dominguez,25,Female,zedwards@example.com,479-235-6465x1939,2021,Batch A,Hahnborough,2025
112,Eddie Schwartz,22,Other,ichambers@example.net,834-226-6179x7968,2022,Batch C,Jacquelineside,2023
113,Suzanne Rodriguez,22,Female,dianekelly@example.net,+1-509-965-6101x438,2019,Batch C,Petershire,2024
114,Brittany Cuevas,21,Female,agarcia@example.org,725-945-7387,2021,Batch B,South Jennifermouth,2025
115,Eric Patrick,19,Male,johnsonmatthew@example.org,+1-423-882-8258x67362,2020,Batch A,Johnsonborough,2024
116,Jeffrey Smith,20,Other,jamiegoodwin@example.org,001-618-925-5371,2020,Batch A,Candicefurt,2024
117,Hannah Bruce,24,Female,lisamccarthy@example.com,+1-891-825-1341x252,2022,Batch B,New Patrick,2023
118,Mark Steele,21,Female,angelaburns@example.org,(557)890-5072,2022,Batch C,Ortizfort,2025
119,Ryan Burns,18,Other,cunninghamlaura@example.org,304-638-4279x7881,2022,Batch B,Amberton,2023
120,Jessica Robinson,23,Female,pgarcia@example.org,807-445-1713x3959,2022,Batch B,Port Jamie,2025
121,Anthony Bell,21,Female,candice25@example.net,449-748-1260x4223,2020,Batch B,Port Megan,2024
122,Charles Chen,25,Male,ebrooks@example.net,001-316-884-5775x90175,2022,Batch B,South Mallory,2025
123,Frank Campbell MD,24,Other,ashleewashington@example.com,+1-600-417-0127x70632,2020,Batch B,Clarencestad,2023
124,Jacob Mckee,18,Female,brettgarrett@example.net,001-936-211-0371x293,2019,Batch A,Lake Matthewville,2025
125,Jennifer Anderson MD,24,Male,zdavis@example.org,255-442-6221,2022,Batch A,Bellborough,2023
126,Brittany Jenkins,22,Female,fheath@example.org,(619)365-6523,2021,Batch A,New Carolyn,2024
127,Dominique Pugh,23,Female,abbottdominique@example.com,989.883.6403,2022,Batch B,East Victorland,2024
128,Vanessa Hatfield,22,Male,david96@example.com,+1-527-210-9104,2022,Batch A,Port Raymondport,2025
129,Kathryn Perry,18,Female,imiller@example.net,+1-324-614-1832x856,2020,Batch C,Blairbury,2023
130,Brandon Hamilton,18,Male,dsalazar@example.com,+1-421-602-0275x88425,2020,Batch A,Port Rachelmouth,2023
131,Denise Brown,20,Male,crawfordwilliam@example.org,292.552.4191x3800,2020,Batch B,South Michaelberg,2025
132,Tyler Johnson,19,Other,pwalker@example.com,001-854-319-5180x2380,2020,Batch B,Clineport,2025
133,Juan Smith,22,Female,kellymueller@example.net,+1-237-559-7383x206,2020,Batch C,Cynthiatown,2025
134,April Sandoval,19,Male,dalton83@example.com,302.441.0386x5719,2021,Batch A,Jonesshire,2025
135,Matthew Anderson,18,Female,jose56@example.net,001-455-974-3132x9121,2022,Batch B,Edwardsville,2025
136,Traci Clark,21,Male,steven11@example.org,+1-649-403-5213x56804,2020,Batch A,South Melissaside,2025
137,Danielle Murray,22,Other,davidbrown@example.org,(236)351-9941,2019,Batch C,Lake Scott,2023
138,Taylor Calderon,23,Other,david70@example.org,001-566-470-6625,2022,Batch C,Joshuaberg,2024
139,Manuel Sanchez,19,Other,victor87@example.org,246-826-3838,2021,Batch A,Timothyfort,2024
140,Keith Morris,25,Male,hector59@example.org,3405785932,2022,Batch B,West Amanda,2025
141,Nancy Gallagher,25,Other,barbaramcgrath@example.com,(422)539-5590x599,2020,Batch B,Weaverburgh,2023
142,Brandon Hall II,22,Other,nsmith@example.org,(352)750-0292,2022,Batch B,West Janetfurt,2024
143,Gabrielle Morris,22,Female,jessicakim@example.net,452.289.5392x6442,2020,Batch A,Rosalesshire,2024
144,Lance Mccall,25,Male,daniellegarcia@example.com,(951)235-5215,2022,Batch C,Jasonland,2025
145,Richard Le,24,Female,cruzjessica@example.org,(676)258-6179x32710,2019,Batch B,Joseville,2024
146,Christopher Bennett,20,Female,paynerachael@example.org,599-870-6296x20153,2020,Batch B,Donnaport,2024
147,Anthony Armstrong,23,Female,xhernandez@example.org,(614)897-3103x24171,2021,Batch C,Burnsview,2023
148,Joshua Lopez,21,Male,cwood@example.org,877-543-4902x115,2020,Batch C,Port Paulhaven,2024
149,Joseph Camacho,25,Other,parmstrong@example.com,416-508-9899x2172,2020,Batch C,East Brad,2024
150,Michael Harris,25,Female,maryscott@example.net,916-286-8548,2019,Batch A,Rodriguezberg,2024
151,Kevin Chang,21,Female,buckleyanna@example.org,885-464-6799x7024,2020,Batch B,Williamsmouth,2025
152,Amber Alvarez,23,Female,penny05@example.com,547-913-2475x4691,2021,Batch B,Port Richard,2025
153,Mr. James Brown,23,Female,cameronmckinney@example.com,(289)902-3303,2022,Batch B,West Janetview,2024
154,John Sanders,22,Male,maldonadojohn@example.com,+1-272-879-8552x414,2019,Batch C,East Melissaborough,2023
155,Maria Byrd,23,Male,denise80@example.net,6726290349,2020,Batch A,Woodardstad,2023
156,Daniel Turner,25,Female,asilva@example.net,+1-658-699-4417x15454,2021,Batch A,East Zachary,2023
157,Anthony Mathews,22,Male,rguerrero@example.org,001-507-944-6660x9935,2021,Batch A,Williamburgh,2024
158,Sherri White,18,Other,ruizjoyce@example.net,+1-725-713-5346,2020,Batch B,Brendamouth,2023
159,Julie Delacruz,18,Other,kennedyjames@example.org,+1-768-446-0223x56972,2021,Batch C,South Marvinburgh,2023
160,Anthony Hayes,25,Male,kathleenjackson@example.org,512.796.6667x6008,2019,Batch C,West Katherinehaven,2024
161,Michael Sims,25,Female,jeremywiley@example.com,(616)689-4210,2022,Batch B,Lunahaven,2023
162,Stephen Cowan,18,Female,wendy75@example.org,(460)333-2309,2022,Batch A,Jenniferton,2023
163,Martin Wise,24,Female,wheelerbrandon@example.org,+1-200-616-7618x4723,2019,Batch C,Stanleyhaven,2025
164,Larry Taylor,18,Male,huntchristine@example.com,717-839-3483,2020,Batch C,Ethanside,2024
165,Daniel Fitzpatrick MD,19,Male,smithchristopher@example.org,001-972-618-1143,2019,Batch C,Stevenville,2024
166,Shelly Phelps,21,Other,laurie56@example.net,610-302-2557,2022,Batch B,Lisaburgh,2024
167,James Bryant,22,Other,evaughn@example.com,+1-821-720-2169x7972,2022,Batch B,Port Gabrielleberg,2025
168,Mr. Stephen Alexander,18,Other,greenleon@example.net,+1-889-493-5889x16375,2019,Batch A,North Dawnburgh,2025
169,Julie Simpson,21,Female,charlesvasquez@example.org,340-983-8663x17797,2019,Batch A,Stewartfort,2023
170,Alicia Powell,20,Other,hawkinsaaron@example.org,+1-794-988-3755x037,2019,Batch A,Jenniferville,2023
171,Matthew Smith,24,Female,maria48@example.net,(310)827-2614x933,2022,Batch B,South Makayla,2023
172,George Sherman,21,Female,housemary@example.net,277-898-2708,2021,Batch C,Glassburgh,2024
173,Carrie Ochoa,19,Other,hughescaroline@example.com,666.793.4654x72269,2020,Batch B,East Jason,2025
174,Melissa Morse,21,Female,tinasantos@example.org,385.215.8799x68460,2019,Batch C,Thomaston,2023
175,Paul Martin,20,Female,frances20@example.net,638-205-7198x3863,2020,Batch A,Hughesmouth,2023
176,Amy Manning,20,Female,christinenorman@example.com,459.389.3347,2021,Batch B,East Jill,2023
177,Andrew Ramirez,25,Other,david94@example.org,372-702-5909x47985,2021,Batch C,East Abigail,2024
178,Caitlin Daniels,22,Other,odavis@example.org,+1-555-554-3987x80157,2022,Batch B,Lake Nicolefurt,2023
179,Theresa Cruz,18,Female,angel85@example.net,377.504.3581x12880,2021,Batch C,Port Gina,2024
180,Christine Poole,18,Male,elucas@example.net,+1-520-675-0110x24819,2020,Batch C,Hughesfurt,2025
181,Alan Nunez,18,Other,maychristine@example.net,001-301-658-1449,2021,Batch C,Jamestown,2023
182,Joseph Taylor,20,Female,irobles@example.com,+1-824-350-8821x0099,2022,Batch B,Jasonstad,2023
183,Taylor York,24,Other,eugenewalker@example.com,612.390.8781,2022,Batch A,Coreyshire,2024
184,Mr. Carl Rios,23,Female,mitchellchad@example.org,277-759-4929x95562,2021,Batch B,Port Jeffrey,2025
185,Jessica Larsen,19,Male,erinrivera@example.com,575.647.8129x142,2021,Batch B,Lake Charlestown,2025
186,Lynn Hess,25,Female,nhammond@example.org,+1-648-487-2563,2022,Batch C,Masonland,2023
187,Jonathan Bates,25,Male,katherinetaylor@example.org,(599)327-5037,2021,Batch B,Miketon,2024
188,Kelly Moody,19,Female,dharrison@example.org,4518844989,2019,Batch C,Diazland,2025
189,Jamie Solomon,25,Female,wgomez@example.com,490.482.7231x8432,2019,Batch A,Carolynville,2025
190,Jennifer Rivera,23,Other,olsontimothy@example.org,001-426-403-0299,2022,Batch C,New Dylanburgh,2024
191,Christopher Mullen,18,Male,johnsjessica@example.com,437-497-7236,2021,Batch C,Garymouth,2023
192,Linda Jones,22,Female,gcruz@example.org,288.362.9127,2022,Batch A,South Donnaside,2023
193,Stephanie Hampton,21,Other,xboyd@example.org,001-686-937-6599x162,2020,Batch B,Port Christopher,2025
194,Kimberly Scott,18,Other,fletcherkristine@example.net,618.806.3565x12694,2022,Batch A,Cherylfurt,2023
195,Jennifer Bowers,19,Female,jwhite@example.net,844.795.6213x7213,2019,Batch C,East Paultown,2023
196,Samantha Ruiz,25,Other,qdavis@example.org,(919)906-6984x902,2021,Batch C,East Melissahaven,2025
197,Andrew Greene,22,Female,christinacraig@example.com,502.214.6566,2022,Batch B,North Andreaside,2023
198,Hannah Richmond,25,Other,jeremy37@example.com,001-604-726-8181,2020,Batch B,Port Williamview,2023
199,Robin Andrews,20,Male,kchurch@example.com,001-735-877-9071x41633,2021,Batch B,Zacharytown,2024
200,Deborah Mitchell,22,Male,vnunez@example.org,+1-527-955-3942,2021,Batch C,East Jill,2024
